In JSON,Response ID,S1,S3,S5,S6,S8,S10,P4,P8,P9,C3,C7,SM3,SC8,SC9
0,R_3NP6V06n6Ea5N5Z,['DependencyTracker'],,,,,,,,,,,,"['ReadDescription', 'CodeReview']",['PackageManager']
1,R_1P776djwnwYYHqv,"['DependencyTracker', 'Licensing', 'Security', 'Versioning']",,"['Tooling', 'LanguageSupport', 'Inconsistency']",['Tooling'],"['LanguageSpecificTools', 'ReportGenerationTools']",,,,,,"['Inconsistency', 'MissingToolFeatures']",,"['InsecureByDefault', 'CodeReview', 'TestCases']",['PackageManager']
2,R_pSFEcWrIVGPzkcN,"['DependencyTracker', 'Debugging', 'Licensing', 'Documentation']","['Name', 'URL', 'License', 'Linking', 'Identifier', 'Modified']","['Inconsistency', 'Tooling']",['Tooling'],,,,,,,,"['Templates','VersionControlIntegration']","['CodeReview', 'TestCases']",['ManualRecording']
3,R_1JUtR4olDrf7HbR,"['DependencyTracker', 'Security', 'Transparency']",,,,['SbomDatabase'],['Database'],,,,,['UpkeepRequirements'],,['ListedSeverity'],['Scanner']
4,R_3kcX5GVjOS0Bqsc,"['DependencyTracker', 'Licensing', 'Security', 'Compliance', 'Transparency']","['Identifier', 'UseCase']","['Underspecification', 'TooManyStandards', 'Comprehension']","['Standardization', 'Documentation']",['BetterLibraries'],['InRepository'],"['SatisfiedRequirements', 'IncreasedAdoption']","['TiedToSoftwareVersion', 'Identifier']","['EnvironmentSupport', 'Tooling']","['DependencyTracking', 'VulnerabilityDetection']","['Inconsistency', 'DifferentStandards']","['Website', 'GoverningBodies', 'SocialMedia']","['ReadDescription', 'CodeReview']","['PackageManager', 'Scanner']"
5,R_9mlyPsE52APF3RT,"['DependencyTracker', 'Security']",,['YoungTechnology'],"['Standardization', 'Tooling']",['BadAnswer'],,,,,,,,['ToolAssisted'],['CallGraph']
6,R_3Gvw4BEgHtMjou7,"['DependencyTracker', 'Licensing', 'Versioning', 'Documentation', 'Provenance']","['Name', 'Version', 'CreationTime', 'Dependencies', 'Checksum', 'Author', 'Organization', 'License']",,,['SimplerTools'],['InRepository'],"['DependencyManagement', 'Licensing', 'Visibility']",,['SpecificationComprehension'],,,,['NotAddressed'],['SBOM']
7,R_1etaPjf7ww473XA,"['DependencyTracker', 'Licensing', 'Documentation']","['Name', 'Author', 'License', 'Dependencies', 'License', 'CreationTime', 'UseCase']",['Tooling'],"['Tooling', 'SupportRelatedOrganizations']",['SupportRelatedOrganizations'],,,,,,,['GoverningBodies'],"['ReadDescription', 'CodeReview']",['PackageManager']
8,R_1lt6DlQzUc9YCuQ,"['DependencyTracker', 'Licensing', 'Security']","['Name', 'Version', 'Ecosystem', 'Checksum', 'URL']","['MissingFields', 'Tooling']",['Standardization'],['GenerateAccurateSbom'],['NotInRepository'],,['ToolAssisted'],['PoorQualitySboms'],,"['PoorQualitySboms', 'Inconsistency']",,['BadAnswer'],['SBOM']
9,R_1M4HoMp9oXP92Jc,"['DependencyTracker', 'MachineReadable']","['Name', 'Dependencies', 'URL', 'License', 'CreationTime', 'Author', 'Organization', 'Description', 'Version', 'Vulnerabilities']","['DifferenceInExpectations', 'LanguageSupport', 'MissingFields']","['SupportRelatedOrganizations', 'Communication']","['ClarifiedStandards', 'SupportRelatedOrganizations']",,,,,,,['Forum'],['ReadDescription'],"['PackageManager', 'Scanner']"
11,R_3MrNOoshiY0ac9F,"['DependencyTracker', 'Licensing', 'Provenance']","['Organization', 'License', 'Identifier', 'URL']","['Tooling',  'UseCaseSupport']","['ImproveOverTime', 'SupportRelatedOrganizations']",['NoDeficiencies'],['InBinary'],['LocateSecurityIssues'],['Identifier'],['LegalRequirements'],,['PoorQualitySboms'],['FreelyAvailable'],"['BinaryAnalysis', 'Versioning']",['Scanner']
12,R_1CqN5FujZLDvcKR,"['DependencyTracker', 'Licensing', 'Security', 'Versioning', 'MachineReadable', 'Provenance']","['Name', 'License', 'Version', 'Organization']","['Overspecification', 'Inconsistency', 'TooManyStandards', 'UnavailableInformation']",['Standardization'],['Communication'],['DeliveredWithArtifact'],"['LocateSecurityIssues','DependencyManagement', 'Licensing']",['ToolAssisted'],"['EnvironmentSupport', 'Tooling', 'UnavailableInformation']",['DependencyTracking'],['Inconsistency'],['GoverningBodies'],['CodeReview'],['PackageManager']
14,R_1gnCm7rvxLjS2rN,"['DependencyTracker', 'Security', 'Transparency']","['Author', 'CreationTime', 'Version', 'Dependencies', 'Vulnerabilities', 'Mitigations', 'License', 'UseCase', 'PerformaceRequirements']",['MLSupport'],['AddMLFields'],['SimplerTools'],,,,,,,['BadAnswer'],,
15,R_2uq9Acrc4ykecue,"['DependencyTracker', 'Versioning', 'Security']","['Dependencies', 'URL', 'Version', 'CreationTime', 'Vulnerabilities']",,,['HigherSbomQuality'],['InRepository'],,,,"['DependencyTracking', 'ProvidesConsistency']",['MissingToolFeatures'],,['ToolAssisted'],['PackageManager']
16,R_1OW6El7D3OdhNRf,['DependencyTracker'],"['Name', 'License', 'Version', 'Checksum', 'Organization', 'CreationTime', 'Vulnerabilities', 'Identifier']",,,['BadAnswer'],,['LocateSecurityIssues'],['BadAnswer'],"['SpecificationComprehension', 'Underspecification']",,['Comprehension'],,['BadAnswer'],['PackageManager']
17,R_2X02uH9Mm87FxHp,"['DependencyTracker', 'Security', 'Licensing']",['BadAnswer'],['SbomDistribution'],['SupportRelatedOrganizations'],['SupportRelatedOrganizations'],['VendorDiscretion'],,['Database'],['Tooling'],,['Inconsistency'],['BadAnswer'],['ReadDescription'],['PackageManager']
18,R_bHpYNSKRMzkT17z,"['DependencyTracker', 'Licensing']",['MinimumElements'],['CheckingSbomQuality'],['Standardization'],"['LanguageAgnosticTools', 'ShowUnknowns']",,,,,,"['DifferentStandards', 'PoorQualitySboms']","['FreelyAvailable', 'ToolSupport']",,
24,R_2tgjPTTsOMyIVO4,"['DependencyTracker', 'Security', 'Provenance']","['Name', 'License', 'Identifier', 'Version', 'URL', 'Vulnerabilities']","['Tooling', 'AmbiguousGuidance', 'ManagementCost', 'YoungTechnology']",['Communication'],,,,,,,,['BadAnswer'],,
27,R_1dvn1oXd2P5Cn5j,['DependencyTracker'],['AIRelated'],,,['SupportForAIApplications'],,,,['UnavailableInformation'],,['PoorQualitySboms'],,"['CodeReview', 'ToolAssisted']",['ProprietaryTool']
38,R_1diviwEB1kpQfiN,"['DependencyTracker', 'Licensing', 'Security']",['URL'],"['Underspecification', 'Overspecification', 'Comprehension']",['Standardization'],['BadAnswer'],['BadAnswer'],"['DependencyManagement', 'Licensing']",['TiedToSoftwareVersion'],"['SpecificationComprehension', 'ImplementationDifficulty', 'InteroperabilityIssues']",,['PoorQualitySboms'],,"['ReadDescription', 'ToolAssisted']","['Scanner', 'CallGraph']"
41,R_2s5ZlVioDWKw8nl,['BadAnswer'],,['NoDeficiencies'],['SupportRelatedOrganizations'],['BadAnswer'],,,,,,,,,
49,R_3HviW61b1bwSd9l,"['DependencyTracker', 'Versioning', 'Security', 'Provenance']","['Identifier', 'Checksum']",,,,['OnWebsite'],['Efficiency'],['BadAnswer'],['BadAnswer'],,,,,
84,R_1OB0LxI7A9lN4v1,"['DependencyTracker', 'Provenance', 'Security', 'Versioning']","['Name', 'Version', 'Author']",,,['ClarifiedStandards'],,,['BadAnswer'],['FastReleases'],['VulnerabilityDetection'],['DynamicVulnerabilityData'],,['ToolAssisted'],['OwnTool']
89,R_1DpptG7RIqiyn7A,"['DependencyTracker', 'Licensing']",,,,['Communication'],,,,,,['Verifiability'],,['ToolAssisted'],['BadAnswer']
119,R_see02VMCNuhmSQN,"['DependencyTracker', 'Security']",,,,['DynamicSboms'],['NoPreference'],,,,['DependencyTracking'],['BadAnswer'],,['ToolAssisted'],['SBOM']
123,R_2dLMPLyI3CfVNMD,['DependencyTracker'],,"['Tooling', 'Inconsistency']","['Communication','Standardization', 'SupportRelatedOrganizations']",,,,,,,,['BadAnswer'],,
204,R_XMyDUO6vfwhb8CR,"['DependencyTracker', 'Licensing', 'Security']","['Name', 'Identifier', 'Version', 'CreationTime', 'Author', 'Organization', 'Dependencies']",,,"['HigherSbomQuality', 'SimplerTools']",,"['LocateSecurityIssues', 'BetterCodeReview']",['ToolAssisted'],"['PoorQualitySboms', 'SecurityRisks']","['DependencyTracking', 'VulnerabilityDetection']",['Verifiability'],,['DependencyManagement'],['Database']
219,R_1pXOYrzicaKEh9a,"['DependencyTracker', 'Language']",['Identifier'],['Tooling'],['Tooling'],['GenerateAccurateSbom'],,['LocateSecurityIssues'],"['ToolAssisted', 'ContinuousIntegration']",['PoorQualitySboms'],,"['Inconsistency', 'ToolBugs']",['GoverningBodies'],['ReadDescription'],['SBOM']
222,R_9t3tC0i9hMcu7wl,"['DependencyTracker', 'MachineReadable']","['Vulnerabilities', 'License', 'URL', 'Dependencies', 'Version', 'Identifier']",,,['LetFieldMature'],,,,['SbomGenerationSlow'],,,,['ToolAssisted'],['NotAddressed']
226,R_2qjW7wCBbBFUunR,"['Compliance', 'Licensing', 'DependencyTracker']",,,,,,,,,,,,"['CodeReview', 'ToolAssisted']",['PackageManager']
229,R_11db8BgtVC2jgQK,['DependencyTracker'],"['Name', 'Identifier', 'Version']",['BadAnswer'],['BadAnswer'],['BadAnswer'],['NotRecalculable'],"['Licensing', 'DependencyManagement', 'LocateSecurityIssues']",,['NotBackwardCompatible'],,,,['BadAnswer'],['PackageManager']
230,R_2ceH0MWA48ZbGWV,"['DependencyTracker', 'Versioning', 'Security']","['Vulnerabilities', 'URL', 'Ecosystem', 'Version', 'License', 'Support', 'UpdateFrequency']",,,,,,,['UnavailableInformation'],,,,"['ReadDescription', 'ToolAssisted']",['PackageManager']
232,R_2zcJ4lHWpUWKJ2n,"['Provenance', 'Licensing', 'Versioning', 'DependencyTracker', 'Transparency', 'Accountability']","['Name', 'URL', 'CreationTime', 'Ecosystem', 'Version', 'License', 'Dependencies', 'Organization', 'Author']",,,"['HigherSbomQuality', 'SimplerTools', 'ChangeTracking', 'IntegrateSecurityTools', 'ReportGenerationTools', 'Automation']",,,,,,,,"['ReadDescription', 'ToolAssisted', 'Versioning']",['SBOM']
233,R_3LXdpHRFEVQIe4u,['DependencyTracker'],,,,['MoreLanguageSupport'],,,,,,['Verifiability'],,['Ad-hoc'],['Ad-hoc']
235,R_2yl8CXmByyorHTE,['DependencyTracker'],['Version'],['KeepingUpdated'],['Tooling'],['BadAnswer'],,,"['ToolAssisted', 'ContinuousIntegration']",['UnavailableInformation'],,['PoorQualitySboms'],['BadAnswer'],['ToolAssisted'],['PackageManager']
236,R_OxHDuxOp8wX3Co1,['Licensing'],"['Version', 'License', 'Vulnerabilities']",,,,['ShouldNotBe'],['Licensing'],['BadAnswer'],['ContributionIssues'],,,,['CodeReview'],"['SBOM', 'PackageManager']"
237,R_3Mapsvs7nPqOx01,"['DependencyTracker', 'Versioning']",['BadAnswer'],,,,,,['Identifier'],['BadAnswer'],,,,['ToolAssisted'],['PackageManager']
238,R_1dKyAHvfmPtEwpX,"['Versioning', 'Compliance', 'Security', 'Provenance', 'DependencyTracker', 'Licensing']","['URL', 'License']",,,['Automation'],,,,,,,,['Versioning'],['ProprietaryTool']
239,R_2q9OkXfkfd1mKNK,"['Security', 'DependencyTracker', 'Licensing']","['Name', 'License', 'CreationTime', 'Version']",,,['LanguageSpecificTools'],"['ThirdParty', 'DeliveredWithArtifact']","['Licensing', 'LocateSecurityIssues', 'SatisfiedRequirements']",,"['EnvironmentSupport', 'ImplementationDifficulty']",['DependencyTracking'],['DifferentStandards'],,['BadAnswer'],['SBOM']
240,R_2Y2DOiMoGMWSQUx,['Security'],['BadAnswer'],,,,,,,['Tooling'],,,,['ToolAssisted'],['BadAnswer']
241,R_1KiKqNbCINEHxXY,['DependencyTracker'],"['Identifier', 'Version', 'Dependencies', 'Compiler', 'ToolSupport']",,,"['FasterGeneration', 'SbomsTooLarge']",,,,['SbomsTooLarge'],['Transparency'],['DifferentStandards'],,['ToolAssisted'],['PackageManager']
242,R_1Cxae15gxzt2pNE,"['Provenance', 'DependencyTracker', 'Licensing']","['Vulnerabilities', 'URL', 'License', 'Dependencies']",,,['FocusOnExistingTools'],,,['TiedToSoftwareVersion'],"['SeparatedFromDevelopers', 'Tooling']",,,,,
245,R_2PAxXAIEnt2gfqt,['DependencyTracker'],"['Version', 'Name', 'Description', 'URL']",,,['PatchPropagation'],"['Automation', 'DeliveredWithArtifact']",,,['NoIssues'],,"['MissingToolFeatures', 'DifferentStandards']",,['ReadDescription'],['PackageManager']
248,R_2QrYYG4zX8M9X45,['BadAnswer'],,['AmbiguousGuidance'],['Standardization'],['ClarifiedStandards'],,,,,,,,,
249,R_ZxHSmfKLU5TKoy5,['DependencyTracker'],,,,['VersionCompatibilityMatching'],,,,,,['ToolBugs'],,['ToolAssisted'],['PackageManager']
250,R_2Sxhtfy98WZgbDK,['BadAnswer'],,,,"['MoreLanguageSupport', 'FasterGeneration']",,,,,,"['PoorQualitySboms', 'DifferentStandards', 'Comprehension', 'Inconsistency']",,['ReadDescription'],['PackageManager']
251,R_2AQHobX7zarEkVF,"['DependencyTracker', 'Versioning', 'MachineReadable']",,,,['NoDeficiencies'],,,,,,,,['ReadDescription'],['PackageManager']
252,R_wLxhLmNWViOfUVH,"['DependencyTracker', 'RelationsInSystem']","['Version', 'Checksum', 'Dependencies', 'URL', 'License', 'Identifier', 'Author', 'Organization']",,,['BadAnswer'],,['ReproducibleStates'],['TiedToSoftwareVersion'],"['TooManyLanguagesInProject', 'SyncingSbomVersions', 'Tooling']",,"['Inconsistency', 'DifferentStandards', 'VersioningIssues']",,"['Versioning', 'ReadDescription']",['PackageManager']
253,R_3DhBfeNEkEfvMqv,"['DependencyTracker', 'ToolTracking']",,,,,,,,,,,,['NotApplicable'],['NotApplicable']
254,R_6hvm6eM6zWh1LpL,"['Versioning', 'Licensing', 'DependencyTracker']",,,,['NoDeficiencies'],['BadAnswer'],,,,['FastAndEasy'],['PoorQualitySboms'],,['ToolAssisted'],['ProprietaryTool']
255,R_3fwNV4JCR7gYKCq,['DependencyTracker'],['Dependencies'],['BadAnswer'],['BadAnswer'],['BadAnswer'],"['InRepository', 'ShouldBeSigned']",,,['NoIssues'],['Verification'],['NoIssues'],,['BadAnswer'],['SBOM']
272,R_uwgtDqxLmrDWQLf,"['DependencyTracker', 'RelationsInSystem']",['BadAnswer'],,,['IncludeReachabilityGraphs'],['ShouldBeSigned'],,,['FalsePositives'],,,,"['Versioning', 'CodeReview', 'ReadDescription']","['GitHub', 'PackageManager']"
273,R_2QyoYDd5Nw95V9i,['DependencyTracker'],"['License', 'Version', 'URL', 'Name']",,,,['InRepository'],,,"['TooManyLanguagesInProject', 'Tooling']",,,,['CodeReview'],['ManualRecording']
277,R_1lmiszxqcb8G6Br,"['Licensing', 'DependencyTracker', 'Versioning']","['Author', 'Dependencies', 'URL', 'Version', 'Name', 'License']",,,,['DeliveredWithArtifact'],['LocateSecurityIssues'],,['PoorQualitySBOMs'],,,,['ReadDescription'],"['Scanner', 'SBOM', 'ProprietaryTool']"
279,R_6JBdPlVxaRCxjah,['DependencyTracker'],,,,,,,,,,,,['SecurityExperts'],['SecurityExperts']
280,R_2ZNqQzhlTfV14P2,"['Documentation', 'DependencyTracker', 'Security']",,,,,,,,,,,,"['CodeReview', 'Versioning']","['PackageManager', 'GitHub']"
281,R_eG8r0YjTDRCybL3,"['Provenance', 'DependencyTracker', 'Documentation']","['Checksum', 'CreationTime', 'URL', 'Identifier', 'Organization', 'License', 'Linking', 'Author', 'Dependencies', 'Vulnerabilities', 'MinimumElements']","['TooManyStandards', 'DifficultToAuthenticateData', 'Comprehension']",['Standardization'],['SupportRelatedOrganizations'],"['ShouldBeSigned', 'BlockChain']","['ImprovedQuality', 'Efficiency']",['ToolAssisted'],['UnavailableInformation'],"['DependencyTracking', 'FastAndEasy']","['Inconsistency', 'PoorQualitySboms']","['Forum', 'GoverningBodies', 'Hack-a-thon', 'Conference']","['ToolAssisted', 'CodeReview', 'Ad-hoc']","['PackageManager', 'ProprietaryTool', 'GitHub']"
282,R_3MtHobBp4TUfCnf,"['Security', 'DependencyTracker', 'Licensing', 'ToolTracking']",['BadAnswer'],"['UseCaseSupport', 'MissingFields']",['ImproveOverTime'],"['CompatibilityBetweenTools', 'HigherSbomQuality']",,,['BadAnswer'],"['NumberOfSBOMs', 'FastReleases', 'EndUserNeedsUnclear']",,['HardToGetSBOM'],,"['SecurityExperts', 'ReadDescription']",['BadAnswer']
283,R_3DezCyLeytdTqTe,"['Versioning', 'DependencyTracker']","['Version', 'Name']",,,"['IntegrateInPackageManagers', 'Automation']",['InBinary'],"['LocateSecurityIssues', 'DependencyManagement']",,['BadAnswer'],,['PoorQualitySboms'],,['Versioning'],['PackageManager']
285,R_1rPnXt5fSoW2ckE,"['Security', 'Documentation', 'DependencyTracker']","['StandardVersion', 'URL', 'License', 'Version', 'ToolSupport', 'Name']",,,,['DistributionOutlinesAttacks'],,,['Cost'],,,,['BadAnswer'],['PackageManager']
295,R_6JS2nMbliGrg85X,['DependencyTracker'],['BadAnswer'],,,,,,,"['Tooling', 'Comprehension']",,,,,
